Workbook

Sheet How to use
A1: REIMSYS: use cases and test cases
A2: Purpose | B2: A checklist for testing the reimbursement system end to end: what each kind of person does (use cases) and exactly how to check it (test cases). Written for the project team.
A3: Where to test | B3: On the STAGING server only, never on live data. Tests create receipts, payments and users.
A4: How to use it | B4: 1. Pick a module in the Test cases sheet. 2. Sign in as the Role named in the row (accounts are on the "Accounts and rights" sheet). 3. Make sure the Preconditions are true. 4. Do the Steps in order. 5. Compare with the Expected result. 6. Fill in the YELLOW columns.
A5: Cells to fill in | B5: Test cases sheet, yellow columns only: Result (choose from the list), Tester, Date tested, Notes or defect. Everything else is fixed.
A6: Result values | B6: Pass: matches the expected result. Fail: does not match (write what happened in Notes). Blocked: could not be tried (say why). Not run: not tested yet (the starting value).
A7: Priority | B7: High: the system cannot be used or is unsafe if this fails. Medium: an important rule or screen. Low: convenience or appearance.
A8: Types | B8: Functional (it does its job), Validation (bad input is refused clearly), Permission (only the right people), Negative (things that must not work), Security, UI (looks and fits).
A9: Summary | B9: The Summary sheet counts the results with formulas. It updates by itself as you fill in the Result column.
A10: Example (how a finished row looks) | B10: TC-001 | Sign in | Result: Fail | Tester: Ana | Date: 2026-10-22 | Notes: "Dashboard opened but the name at the bottom of the menu was blank. Screenshot attached. Staging build 4313e91."

Sheet Use cases
A1: ID | B1: Module | C1: Actor | D1: Goal | E1: Preconditions | F1: Main flow | G1: Alternatives and exceptions | H1: Result when done
A2: UC-01 | B2: Access | C2: Any user | D2: Sign in and out safely | E2: The person has an account. | F2: 1. Open the address. 2. Enter email and password. 3. Press Sign in. 4. A temporary password must be replaced. 5. Read and accept the privacy notice. 6. Land on the Dashboard. | G2: Wrong password (message, lockout after 5 tries for 15 minutes). Idle too long (signed out with a message). Forgot password (emailed link). | H2: The person is signed in with the rights of their role. Everything is recorded.
A3: UC-02 | B3: Access | C3: Any user | D3: Recover or change a password | E3: The person has an account and an email address. | F3: 1. Press Forgot your password. 2. Enter the email. 3. Open the emailed link. 4. Choose a new password. Or: Profile > Security > change password. | G3: Unknown email (same answer, nothing revealed). Weak or reused password refused. Link used twice or expired. | H3: Old password stops working. Other devices are signed out.
A4: UC-03 | B4: Receipts | C4: Med Ref | D4: Encode a receipt with proof | E4: Signed in as a Med Ref. | F4: 1. New receipt. 2. Answer BIR yes/no. 3. Enter invoice details. 4. Give the reason for spending and the classification. 5. Attach a photo or PDF (or Scan receipt). 6. Review and Submit. | G4: Save as Draft. Missing or invalid answers are explained. Duplicate evidence is flagged. Scan outline is wrong: drag the corners. | H4: The receipt is Submitted (or Draft). The Checker is told.
A5: UC-04 | B5: Receipts | C5: Med Ref | D5: Fix a returned receipt | E5: A receipt of theirs is Returned. | F5: 1. Open the receipt. 2. Read the ticked problems and the note. 3. Press Fix on a problem. 4. Correct the details or proof. 5. Submit again. | G5: Withdraw instead. Receipt changed by someone else meanwhile (stale edit refused). | H5: The receipt is Submitted again and checked from the start.
A6: UC-05 | B6: Receipts | C6: Med Ref | D6: Import many receipts | E6: Signed in as a Med Ref (or Super Admin) with import rights. | F6: 1. Receipts > Import. 2. Download the template. 3. Upload a CSV or XLSX. 4. Read the preview and error report. 5. Confirm. | G6: Rows with errors are listed and not saved. Wrong file type refused. | H6: Valid rows become Draft receipts.
A7: UC-06 | B7: Review | C7: Checker | D7: Verify a receipt | E7: A receipt is Submitted and is not the Checker's own. | F7: 1. Open the receipt. 2. Open the evidence (recorded). 3. Compare photo and details. 4. Mark checked, or Return with ticked problems and a note. | G7: Cannot check without opening the evidence. Cannot review own receipt. Question without sending back: Comments. | H7: Checked (to the Approver) or Returned (to the Med Ref).
A8: UC-07 | B8: Review | C8: Checker | D8: Check many receipts at once | E8: Several Submitted receipts whose evidence the Checker has opened. | F8: 1. Tick receipts in the list (up to 25). 2. Use the bar: Mark checked. 3. Read the result. | G8: Receipts whose evidence was not opened are skipped and listed with the reason. | H8: The ready ones are Checked.
A9: UC-08 | B9: Review | C9: Approver | D9: Decide on a checked receipt | E9: A receipt is Checked. | F9: 1. Open the receipt and the evidence. 2. Approve, Disapprove (reason), Reserve (note), or Ask for more proof. | G9: Release a held receipt. Take back a decision within the undo window. | H9: Approved (document made, Accounting told), Disapproved (final), Reserved, or back to the Med Ref.
A10: UC-09 | B10: Payment | C10: Accounting | D10: Pay approved receipts | E10: Approved receipts exist. | F10: 1. Ready to pay. 2. Tick one person's receipts. 3. Mark as paid. 4. Choose method and date, attach proof. 5. Confirm. | G10: Shortfall needs a reason. Reverse a payment (reason). Export payments. | H10: Receipts are Paid and locked. The Med Ref is emailed.
A11: UC-10 | B11: Reports | C11: Any with report right | D11: Produce a liquidation report | E11: Approved receipts exist in the period. | F11: 1. Reports. 2. Choose dates, person, product/service, payment. 3. Choose PDF, XLSX or CSV. 4. Generate. 5. View, download or print. | G11: No records match (button disabled). Report of another person is private. | H11: A report with approved records only.
A12: UC-11 | B12: Administration | C12: Super Admin | D12: Manage people and rights | E12: Signed in as a Super Admin. | F12: 1. Access > Users: add a person (role, temporary password, invitation). 2. Change a role, switch someone off, reset a password, unlock. 3. Roles and permissions: change what a role may do. | G12: Locked rights cannot be removed. The last active administrator cannot be switched off. | H12: Changes apply at once and are audited.
... A16: UC-15 | B16: Notifications | C16: Any user | D16: Be told when something happens | E16: Activity on the person's receipts or queue. | F16: 1. Watch the bell and the dashboard. 2. Open a notice. 3. Receive emails and reminders. | G16: Example addresses are never emailed. Email failure is shown in the Email log. | H16: The person acts on what is waiting for them.
A17: UC-16 | B17: Help | C17: Any user | D17: Find out how to do something | E17: Signed in. | F17: 1. Press Help. 2. Read the basics and the guide for their role. | H17: The person sees only the guides for what they may do.
A18: UC-17 | B18: Operations | C18: DevOps / Super Admin | D18: Run the system safely | E18: A deployed server. | F18: 1. Preflight. 2. Nightly backup and an off-server copy. 3. Health check alerts. 4. Restore rehearsal. 5. Mail check. | G18: Backup older than 30 hours; mail port blocked; key missing. | H18: The system can be recovered and problems are noticed.

Sheet Test cases
A1: ID | B1: Module | C1: Use case | D1: Role to sign in as | E1: Type | F1: Priority | G1: Preconditions | H1: Steps | I1: Expected result | J1: Result | K1: Tester | L1: Date tested | M1: Notes or defect
A2: TC-001 | B2: Sign in | C2: UC-01 | D2: Any signed-in user | E2: Functional | F2: High | G2: A normal active account. | H2: 1. Open the address. 2. Enter the correct email and password. 3. Press Sign in. | I2: The Dashboard opens with the menu for that role. The name and role show at the bottom of the side menu. | J2: Not run
A3: TC-002 | B3: Sign in | C3: UC-01 | D3: Not signed in | E3: Negative | F3: High | G3: None. | H3: 1. Enter a correct email and a wrong password. 2. Press Sign in. | I3: A clear error is shown. The same message appears for an email that does not exist. | J3: Not run
A4: TC-003 | B4: Sign in | C4: UC-01 | D4: Not signed in | E4: Security | F4: High | G4: A test account. | H4: 1. Enter a wrong password five times in a row for the same account. 2. Then enter the correct password. | I4: The account is locked for 15 minutes and says so. An administrator can unlock it sooner (Access > Users > Manage). | J4: Not run
A5: TC-004 | B5: Sign in | C5: UC-01 | D5: Not signed in | E5: Security | F5: Medium | G5: None. | H5: 1. Try more than 20 sign-ins in one minute from one computer. | I5: Further attempts are refused with "Too many attempts. Wait a minute". | J5: Not run
A6: TC-005 | B6: Sign in | C6: UC-01 | D6: Any signed-in user | E6: Functional | F6: High | G6: A new user with a temporary password. | H6: 1. Sign in with the temporary password. | I6: Only "Choose a new password" is available. Every other screen and the API refuse until it is changed. | J6: Not run
A7: TC-006 | B7: Sign in | C7: UC-01 | D7: Any signed-in user | E7: Functional | F7: High | G7: A new user who has just chosen a password. | H7: 1. Sign in and change the password. 2. Read the privacy notice, tick "I understand", press continue. | I7: The app opens. The acceptance is in the audit log with the notice version. Signing in again does not ask again. | J7: Not run
A8: TC-007 | B8: Sign in | C8: UC-01 | D8: Any signed-in user | E8: Functional | F8: Medium | G8: Signed in. | H8: 1. Leave the app untouched for longer than the idle limit (Access > Settings > Sessions). 2. Then click anywhere. | I8: The person is signed out and the sign-in page explains they were away. A session never lasts longer than the maximum even when busy. | J8: Not run
A9: TC-008 | B9: Sign in | C9: UC-01 | D9: Any signed-in user | E9: Functional | F9: Low | G9: Signed in. | H9: 1. Press the sign-out icon in the top bar. | I9: The sign-in page opens. The Back button does not show private pages. | J9: Not run
A10: TC-009 | B10: Sign in | C10: UC-01 | D10: Not signed in | E10: Security | F10: High | G10: None. | H10: 1. Without signing in, open /receipts, /access and /audit directly. | I10: Each goes to the sign-in page. Nothing private shows. | J10: Not run
A11: TC-010 | B11: Sign in | C11: UC-01 | D11: Not signed in | E11: UI | F11: Low | G11: None. | H11: 1. On the sign-in page press the eye in the password box. | I11: The password is shown, then hidden again on the next press. | J11: Not run
A12: TC-011 | B12: Password | C12: UC-02 | D12: Not signed in | E12: Functional | F12: High | G12: An active account with a real mailbox; email working. | H12: 1. Press Forgot your password. 2. Enter the email. 3. Open the emailed link and choose a new password. | I12: The link opens a page to choose a password. After saving, the new password works and the old one does not. | J12: Not run
A13: TC-012 | B13: Password | C13: UC-02 | D13: Not signed in | E13: Security | F13: High | G13: None. | H13: 1. Ask for a reset for an email that has no account. | I13: The page answers exactly as for a real email. Nothing reveals whether the account exists. | J13: Not run
... A129: TC-128 | B129: Operations | C129: UC-17 | D129: Super Admin | E129: Functional | F129: High | G129: The server cannot send email. | H129: 1. Run pnpm --filter @reimsys/api mail:check. | I129: It names the failing step (no account, unreadable password, name not found, port blocked, login refused) and what to do. | J129: Not run

Sheet Summary
A1: Results by module
A2: Module | B2: Total | C2: Pass | D2: Fail | E2: Blocked | F2: Not run | G2: % passed
A3: Sign in | B3: =COUNTIF('Test cases'!$B$2:$B$129,$A3) -> 10 | C3: =COUNTIFS('Test cases'!$B$2:$B$129,$A3,'Test cases'!$J$2:$J$129,"Pass") -> 0 | D3: =COUNTIFS('Test cases'!$B$2:$B$129,$A3,'Test cases'!$J$2:$J$129,"Fail") -> 0 | E3: =COUNTIFS('Test cases'!$B$2:$B$129,$A3,'Test cases'!$J$2:$J$129,"Blocked") -> 0 | F3: =COUNTIFS('Test cases'!$B$2:$B$129,$A3,'Test cases'!$J$2:$J$129,"Not run") -> 10 | G3: =IF(B3=0,0,C3/B3) -> 0
A4: Password | B4: =COUNTIF('Test cases'!$B$2:$B$129,$A4) -> 7 | C4: =COUNTIFS('Test cases'!$B$2:$B$129,$A4,'Test cases'!$J$2:$J$129,"Pass") -> 0 | D4: =COUNTIFS('Test cases'!$B$2:$B$129,$A4,'Test cases'!$J$2:$J$129,"Fail") -> 0 | E4: =COUNTIFS('Test cases'!$B$2:$B$129,$A4,'Test cases'!$J$2:$J$129,"Blocked") -> 0 | F4: =COUNTIFS('Test cases'!$B$2:$B$129,$A4,'Test cases'!$J$2:$J$129,"Not run") -> 7 | G4: =IF(B4=0,0,C4/B4) -> 0
A5: Invitation | B5: =COUNTIF('Test cases'!$B$2:$B$129,$A5) -> 1 | C5: =COUNTIFS('Test cases'!$B$2:$B$129,$A5,'Test cases'!$J$2:$J$129,"Pass") -> 0 | D5: =COUNTIFS('Test cases'!$B$2:$B$129,$A5,'Test cases'!$J$2:$J$129,"Fail") -> 0 | E5: =COUNTIFS('Test cases'!$B$2:$B$129,$A5,'Test cases'!$J$2:$J$129,"Blocked") -> 0 | F5: =COUNTIFS('Test cases'!$B$2:$B$129,$A5,'Test cases'!$J$2:$J$129,"Not run") -> 1 | G5: =IF(B5=0,0,C5/B5) -> 0
A6: Privacy notice | B6: =COUNTIF('Test cases'!$B$2:$B$129,$A6) -> 4 | C6: =COUNTIFS('Test cases'!$B$2:$B$129,$A6,'Test cases'!$J$2:$J$129,"Pass") -> 0 | D6: =COUNTIFS('Test cases'!$B$2:$B$129,$A6,'Test cases'!$J$2:$J$129,"Fail") -> 0 | E6: =COUNTIFS('Test cases'!$B$2:$B$129,$A6,'Test cases'!$J$2:$J$129,"Blocked") -> 0 | F6: =COUNTIFS('Test cases'!$B$2:$B$129,$A6,'Test cases'!$J$2:$J$129,"Not run") -> 4 | G6: =IF(B6=0,0,C6/B6) -> 0
A7: Receipt form | B7: =COUNTIF('Test cases'!$B$2:$B$129,$A7) -> 7 | C7: =COUNTIFS('Test cases'!$B$2:$B$129,$A7,'Test cases'!$J$2:$J$129,"Pass") -> 0 | D7: =COUNTIFS('Test cases'!$B$2:$B$129,$A7,'Test cases'!$J$2:$J$129,"Fail") -> 0 | E7: =COUNTIFS('Test cases'!$B$2:$B$129,$A7,'Test cases'!$J$2:$J$129,"Blocked") -> 0 | F7: =COUNTIFS('Test cases'!$B$2:$B$129,$A7,'Test cases'!$J$2:$J$129,"Not run") -> 7 | G7: =IF(B7=0,0,C7/B7) -> 0
A8: Evidence | B8: =COUNTIF('Test cases'!$B$2:$B$129,$A8) -> 4 | C8: =COUNTIFS('Test cases'!$B$2:$B$129,$A8,'Test cases'!$J$2:$J$129,"Pass") -> 0 | D8: =COUNTIFS('Test cases'!$B$2:$B$129,$A8,'Test cases'!$J$2:$J$129,"Fail") -> 0 | E8: =COUNTIFS('Test cases'!$B$2:$B$129,$A8,'Test cases'!$J$2:$J$129,"Blocked") -> 0 | F8: =COUNTIFS('Test cases'!$B$2:$B$129,$A8,'Test cases'!$J$2:$J$129,"Not run") -> 4 | G8: =IF(B8=0,0,C8/B8) -> 0
A9: Scan | B9: =COUNTIF('Test cases'!$B$2:$B$129,$A9) -> 4 | C9: =COUNTIFS('Test cases'!$B$2:$B$129,$A9,'Test cases'!$J$2:$J$129,"Pass") -> 0 | D9: =COUNTIFS('Test cases'!$B$2:$B$129,$A9,'Test cases'!$J$2:$J$129,"Fail") -> 0 | E9: =COUNTIFS('Test cases'!$B$2:$B$129,$A9,'Test cases'!$J$2:$J$129,"Blocked") -> 0 | F9: =COUNTIFS('Test cases'!$B$2:$B$129,$A9,'Test cases'!$J$2:$J$129,"Not run") -> 4 | G9: =IF(B9=0,0,C9/B9) -> 0
A10: Receipts | B10: =COUNTIF('Test cases'!$B$2:$B$129,$A10) -> 4 | C10: =COUNTIFS('Test cases'!$B$2:$B$129,$A10,'Test cases'!$J$2:$J$129,"Pass") -> 0 | D10: =COUNTIFS('Test cases'!$B$2:$B$129,$A10,'Test cases'!$J$2:$J$129,"Fail") -> 0 | E10: =COUNTIFS('Test cases'!$B$2:$B$129,$A10,'Test cases'!$J$2:$J$129,"Blocked") -> 0 | F10: =COUNTIFS('Test cases'!$B$2:$B$129,$A10,'Test cases'!$J$2:$J$129,"Not run") -> 4 | G10: =IF(B10=0,0,C10/B10) -> 0
A11: Import | B11: =COUNTIF('Test cases'!$B$2:$B$129,$A11) -> 2 | C11: =COUNTIFS('Test cases'!$B$2:$B$129,$A11,'Test cases'!$J$2:$J$129,"Pass") -> 0 | D11: =COUNTIFS('Test cases'!$B$2:$B$129,$A11,'Test cases'!$J$2:$J$129,"Fail") -> 0 | E11: =COUNTIFS('Test cases'!$B$2:$B$129,$A11,'Test cases'!$J$2:$J$129,"Blocked") -> 0 | F11: =COUNTIFS('Test cases'!$B$2:$B$129,$A11,'Test cases'!$J$2:$J$129,"Not run") -> 2 | G11: =IF(B11=0,0,C11/B11) -> 0
A12: Export | B12: =COUNTIF('Test cases'!$B$2:$B$129,$A12) -> 1 | C12: =COUNTIFS('Test cases'!$B$2:$B$129,$A12,'Test cases'!$J$2:$J$129,"Pass") -> 0 | D12: =COUNTIFS('Test cases'!$B$2:$B$129,$A12,'Test cases'!$J$2:$J$129,"Fail") -> 0 | E12: =COUNTIFS('Test cases'!$B$2:$B$129,$A12,'Test cases'!$J$2:$J$129,"Blocked") -> 0 | F12: =COUNTIFS('Test cases'!$B$2:$B$129,$A12,'Test cases'!$J$2:$J$129,"Not run") -> 1 | G12: =IF(B12=0,0,C12/B12) -> 0
A13: Receipt list | B13: =COUNTIF('Test cases'!$B$2:$B$129,$A13) -> 5 | C13: =COUNTIFS('Test cases'!$B$2:$B$129,$A13,'Test cases'!$J$2:$J$129,"Pass") -> 0 | D13: =COUNTIFS('Test cases'!$B$2:$B$129,$A13,'Test cases'!$J$2:$J$129,"Fail") -> 0 | E13: =COUNTIFS('Test cases'!$B$2:$B$129,$A13,'Test cases'!$J$2:$J$129,"Blocked") -> 0 | F13: =COUNTIFS('Test cases'!$B$2:$B$129,$A13,'Test cases'!$J$2:$J$129,"Not run") -> 5 | G13: =IF(B13=0,0,C13/B13) -> 0
A14: Check | B14: =COUNTIF('Test cases'!$B$2:$B$129,$A14) -> 8 | C14: =COUNTIFS('Test cases'!$B$2:$B$129,$A14,'Test cases'!$J$2:$J$129,"Pass") -> 0 | D14: =COUNTIFS('Test cases'!$B$2:$B$129,$A14,'Test cases'!$J$2:$J$129,"Fail") -> 0 | E14: =COUNTIFS('Test cases'!$B$2:$B$129,$A14,'Test cases'!$J$2:$J$129,"Blocked") -> 0 | F14: =COUNTIFS('Test cases'!$B$2:$B$129,$A14,'Test cases'!$J$2:$J$129,"Not run") -> 8 | G14: =IF(B14=0,0,C14/B14) -> 0
... A29: Operations | B29: =COUNTIF('Test cases'!$B$2:$B$129,$A29) -> 4 | C29: =COUNTIFS('Test cases'!$B$2:$B$129,$A29,'Test cases'!$J$2:$J$129,"Pass") -> 0 | D29: =COUNTIFS('Test cases'!$B$2:$B$129,$A29,'Test cases'!$J$2:$J$129,"Fail") -> 0 | E29: =COUNTIFS('Test cases'!$B$2:$B$129,$A29,'Test cases'!$J$2:$J$129,"Blocked") -> 0 | F29: =COUNTIFS('Test cases'!$B$2:$B$129,$A29,'Test cases'!$J$2:$J$129,"Not run") -> 4 | G29: =IF(B29=0,0,C29/B29) -> 0
A30: All modules | B30: =SUM(B3:B29) -> 128 | C30: =SUM(C3:C29) -> 0 | D30: =SUM(D3:D29) -> 0 | E30: =SUM(E3:E29) -> 0 | F30: =SUM(F3:F29) -> 128 | G30: =IF(B30=0,0,C30/B30) -> 0
A32: Results by priority
A33: Priority | B33: Total | C33: Pass | D33: Fail | E33: Blocked | F33: Not run | G33: % passed
A34: High | B34: =COUNTIF('Test cases'!$F$2:$F$129,A34) -> 64 | C34: =COUNTIFS('Test cases'!$F$2:$F$129,$A34,'Test cases'!$J$2:$J$129,"Pass") -> 0 | D34: =COUNTIFS('Test cases'!$F$2:$F$129,$A34,'Test cases'!$J$2:$J$129,"Fail") -> 0 | E34: =COUNTIFS('Test cases'!$F$2:$F$129,$A34,'Test cases'!$J$2:$J$129,"Blocked") -> 0 | F34: =COUNTIFS('Test cases'!$F$2:$F$129,$A34,'Test cases'!$J$2:$J$129,"Not run") -> 64 | G34: =IF(B34=0,0,C34/B34) -> 0
A35: Medium | B35: =COUNTIF('Test cases'!$F$2:$F$129,A35) -> 46 | C35: =COUNTIFS('Test cases'!$F$2:$F$129,$A35,'Test cases'!$J$2:$J$129,"Pass") -> 0 | D35: =COUNTIFS('Test cases'!$F$2:$F$129,$A35,'Test cases'!$J$2:$J$129,"Fail") -> 0 | E35: =COUNTIFS('Test cases'!$F$2:$F$129,$A35,'Test cases'!$J$2:$J$129,"Blocked") -> 0 | F35: =COUNTIFS('Test cases'!$F$2:$F$129,$A35,'Test cases'!$J$2:$J$129,"Not run") -> 46 | G35: =IF(B35=0,0,C35/B35) -> 0
A36: Low | B36: =COUNTIF('Test cases'!$F$2:$F$129,A36) -> 18 | C36: =COUNTIFS('Test cases'!$F$2:$F$129,$A36,'Test cases'!$J$2:$J$129,"Pass") -> 0 | D36: =COUNTIFS('Test cases'!$F$2:$F$129,$A36,'Test cases'!$J$2:$J$129,"Fail") -> 0 | E36: =COUNTIFS('Test cases'!$F$2:$F$129,$A36,'Test cases'!$J$2:$J$129,"Blocked") -> 0 | F36: =COUNTIFS('Test cases'!$F$2:$F$129,$A36,'Test cases'!$J$2:$J$129,"Not run") -> 18 | G36: =IF(B36=0,0,C36/B36) -> 0
A38: Release rule suggested: every High test case Pass, and no Fail on any priority, before going live.

Sheet Accounts and rights
A1: Role | B1: Demo account (development / staging only) | C1: Password | D1: Can do | E1: Cannot do
A2: Med Ref | B2: ana.reyes@example.com / mark.dc@example.com | C2: Reimsys#2026 | D2: Create, edit, withdraw and submit their own receipts; attach proof and scan; fix returned receipts; import; see own receipts and reports they made; profile and help. | E2: See other people's receipts; check, approve or pay; open Access or the Audit log.
A3: Checker | B3: liza.santos@example.com | C3: Reimsys#2026 | D3: See all non-draft receipts; open evidence (recorded); Mark checked or Return with ticked problems; comment; bulk check; reports. | E3: Check their own receipt; check before opening the evidence; approve; pay; Access; Audit log.
A4: Approver | B4: paolo.v@example.com | C4: Reimsys#2026 | D4: See Checked receipts; Approve, Disapprove (reason), Reserve and Release, Ask for more proof, Take back a decision; bulk approve; reports. | E4: See receipts that are not Checked yet; pay; Access; Audit log.
A5: Accounting | B5: accounting@example.com | C5: Reimsys#2026 | D5: Ready to pay; Mark as paid with proof; Reverse payment; Export payments; reports with payment columns. | E5: Check or approve; Access; Audit log.
A6: Super Admin | B6: admin@example.com | C6: Reimsys#2026 | D6: Users, roles and permissions, settings, company, email, templates; Audit log and Email log; view all receipts; import; reports; keeping-records preview. | E6: Check, approve, pay or create receipts (removed by default so one person cannot do the whole chain).
A8: Note: the demo accounts and their shared password exist only on development and staging. They must not exist on the live system (a real Super Admin is created with admin:create). Use real test accounts there.
